tmpambiente,humedad,luz,tmpagua,timestamp,email,deviceid
9,27,47,6,2023-04-01 00:00:00,rodrinoya.1@gmail.com,htd2
10,25,58,7,2023-04-01 01:00:00,rodrinoya.1@gmail.com,htd2
11,28,37,10,2023-04-01 02:00:00,rodrinoya.1@gmail.com,htd2
12,29,42,11,2023-04-01 03:00:00,rodrinoya.1@gmail.com,htd2
14,29,52,10,2023-04-01 04:00:00,rodrinoya.1@gmail.com,htd2
13,28,61,13,2023-04-01 05:00:00,rodrinoya.1@gmail.com,htd2
15,29,60,14,2023-04-01 06:00:00,rodrinoya.1@gmail.com,htd2
17,31,45,14,2023-04-01 07:00:00,rodrinoya.1@gmail.com,htd2
17,30,205,15,2023-04-01 08:00:00,rodrinoya.1@gmail.com,htd2
17,29,221,17,2023-04-01 09:00:00,rodrinoya.1@gmail.com,htd2
19,32,252,18,2023-04-01 10:00:00,rodrinoya.1@gmail.com,htd2
20,33,259,17,2023-04-01 11:00:00,rodrinoya.1@gmail.com,htd2
21,32,285,19,2023-04-01 12:00:00,rodrinoya.1@gmail.com,htd2
19,33,311,17,2023-04-01 13:00:00,rodrinoya.1@gmail.com,htd2
18,30,327,17,2023-04-01 14:00:00,rodrinoya.1@gmail.com,htd2
19,29,344,17,2023-04-01 15:00:00,rodrinoya.1@gmail.com,htd2
16,31,377,14,2023-04-01 16:00:00,rodrinoya.1@gmail.com,htd2
16,31,380,15,2023-04-01 17:00:00,rodrinoya.1@gmail.com,htd2
14,28,409,12,2023-04-01 18:00:00,rodrinoya.1@gmail.com,htd2
14,27,62,12,2023-04-01 19:00:00,rodrinoya.1@gmail.com,htd2
14,29,78,11,2023-04-01 20:00:00,rodrinoya.1@gmail.com,htd2
12,27,73,10,2023-04-01 21:00:00,rodrinoya.1@gmail.com,htd2
12,27,67,8,2023-04-01 22:00:00,rodrinoya.1@gmail.com,htd2
10,25,82,8,2023-04-01 23:00:00,rodrinoya.1@gmail.com,htd2
10,25,56,8,2023-04-02 00:00:00,rodrinoya.1@gmail.com,htd2
11,25,47,9,2023-04-02 01:00:00,rodrinoya.1@gmail.com,htd2
12,27,58,9,2023-04-02 02:00:00,rodrinoya.1@gmail.com,htd2
11,27,52,9,2023-04-02 03:00:00,rodrinoya.1@gmail.com,htd2
13,29,53,12,2023-04-02 04:00:00,rodrinoya.1@gmail.com,htd2
14,27,43,12,2023-04-02 05:00:00,rodrinoya.1@gmail.com,htd2
16,30,47,13,2023-04-02 06:00:00,rodrinoya.1@gmail.com,htd2
15,30,52,15,2023-04-02 07:00:00,rodrinoya.1@gmail.com,htd2
16,29,211,16,2023-04-02 08:00:00,rodrinoya.1@gmail.com,htd2
17,31,227,16,2023-04-02 09:00:00,rodrinoya.1@gmail.com,htd2
18,31,258,17,2023-04-02 10:00:00,rodrinoya.1@gmail.com,htd2
20,31,271,19,2023-04-02 11:00:00,rodrinoya.1@gmail.com,htd2
22,33,293,20,2023-04-02 12:00:00,rodrinoya.1@gmail.com,htd2
19,31,315,19,2023-04-02 13:00:00,rodrinoya.1@gmail.com,htd2
19,32,316,18,2023-04-02 14:00:00,rodrinoya.1@gmail.com,htd2
17,30,343,15,2023-04-02 15:00:00,rodrinoya.1@gmail.com,htd2
17,31,358,15,2023-04-02 16:00:00,rodrinoya.1@gmail.com,htd2
15,29,380,15,2023-04-02 17:00:00,rodrinoya.1@gmail.com,htd2
14,29,395,13,2023-04-02 18:00:00,rodrinoya.1@gmail.com,htd2
14,27,59,11,2023-04-02 19:00:00,rodrinoya.1@gmail.com,htd2
14,27,74,12,2023-04-02 20:00:00,rodrinoya.1@gmail.com,htd2
12,29,78,11,2023-04-02 21:00:00,rodrinoya.1@gmail.com,htd2
10,28,65,8,2023-04-02 22:00:00,rodrinoya.1@gmail.com,htd2
10,26,74,7,2023-04-02 23:00:00,rodrinoya.1@gmail.com,htd2
8,26,53,8,2023-04-03 00:00:00,rodrinoya.1@gmail.com,htd2
11,26,57,8,2023-04-03 01:00:00,rodrinoya.1@gmail.com,htd2
10,26,47,9,2023-04-03 02:00:00,rodrinoya.1@gmail.com,htd2
11,28,47,11,2023-04-03 03:00:00,rodrinoya.1@gmail.com,htd2
14,29,59,10,2023-04-03 04:00:00,rodrinoya.1@gmail.com,htd2
14,29,41,11,2023-04-03 05:00:00,rodrinoya.1@gmail.com,htd2
14,29,45,14,2023-04-03 06:00:00,rodrinoya.1@gmail.com,htd2
17,31,50,13,2023-04-03 07:00:00,rodrinoya.1@gmail.com,htd2
16,31,197,14,2023-04-03 08:00:00,rodrinoya.1@gmail.com,htd2
19,30,228,15,2023-04-03 09:00:00,rodrinoya.1@gmail.com,htd2
18,32,247,17,2023-04-03 10:00:00,rodrinoya.1@gmail.com,htd2
21,31,268,17,2023-04-03 11:00:00,rodrinoya.1@gmail.com,htd2
21,31,283,20,2023-04-03 12:00:00,rodrinoya.1@gmail.com,htd2
20,31,320,17,2023-04-03 13:00:00,rodrinoya.1@gmail.com,htd2
20,30,338,17,2023-04-03 14:00:00,rodrinoya.1@gmail.com,htd2
17,31,343,16,2023-04-03 15:00:00,rodrinoya.1@gmail.com,htd2
17,30,379,14,2023-04-03 16:00:00,rodrinoya.1@gmail.com,htd2
17,31,391,14,2023-04-03 17:00:00,rodrinoya.1@gmail.com,htd2
14,28,414,13,2023-04-03 18:00:00,rodrinoya.1@gmail.com,htd2
13,27,58,12,2023-04-03 19:00:00,rodrinoya.1@gmail.com,htd2
14,29,74,10,2023-04-03 20:00:00,rodrinoya.1@gmail.com,htd2
12,27,66,10,2023-04-03 21:00:00,rodrinoya.1@gmail.com,htd2
11,28,63,9,2023-04-03 22:00:00,rodrinoya.1@gmail.com,htd2
9,25,69,8,2023-04-03 23:00:00,rodrinoya.1@gmail.com,htd2
8,27,43,7,2023-04-04 00:00:00,rodrinoya.1@gmail.com,htd2
11,26,53,9,2023-04-04 01:00:00,rodrinoya.1@gmail.com,htd2
11,26,38,8,2023-04-04 02:00:00,rodrinoya.1@gmail.com,htd2
13,27,46,9,2023-04-04 03:00:00,rodrinoya.1@gmail.com,htd2
13,28,55,11,2023-04-04 04:00:00,rodrinoya.1@gmail.com,htd2
14,27,49,13,2023-04-04 05:00:00,rodrinoya.1@gmail.com,htd2
14,29,66,12,2023-04-04 06:00:00,rodrinoya.1@gmail.com,htd2
16,30,42,15,2023-04-04 07:00:00,rodrinoya.1@gmail.com,htd2
16,30,215,15,2023-04-04 08:00:00,rodrinoya.1@gmail.com,htd2
19,30,232,17,2023-04-04 09:00:00,rodrinoya.1@gmail.com,htd2
20,30,246,17,2023-04-04 10:00:00,rodrinoya.1@gmail.com,htd2
20,31,269,18,2023-04-04 11:00:00,rodrinoya.1@gmail.com,htd2
22,31,276,18,2023-04-04 12:00:00,rodrinoya.1@gmail.com,htd2
21,33,305,17,2023-04-04 13:00:00,rodrinoya.1@gmail.com,htd2
20,31,325,18,2023-04-04 14:00:00,rodrinoya.1@gmail.com,htd2
19,30,343,15,2023-04-04 15:00:00,rodrinoya.1@gmail.com,htd2
17,31,375,14,2023-04-04 16:00:00,rodrinoya.1@gmail.com,htd2
15,30,375,14,2023-04-04 17:00:00,rodrinoya.1@gmail.com,htd2
15,29,415,14,2023-04-04 18:00:00,rodrinoya.1@gmail.com,htd2
13,28,56,11,2023-04-04 19:00:00,rodrinoya.1@gmail.com,htd2
12,29,56,12,2023-04-04 20:00:00,rodrinoya.1@gmail.com,htd2
11,28,77,11,2023-04-04 21:00:00,rodrinoya.1@gmail.com,htd2
12,27,66,10,2023-04-04 22:00:00,rodrinoya.1@gmail.com,htd2
9,26,69,7,2023-04-04 23:00:00,rodrinoya.1@gmail.com,htd2
10,26,37,7,2023-04-05 00:00:00,rodrinoya.1@gmail.com,htd2
11,25,52,9,2023-04-05 01:00:00,rodrinoya.1@gmail.com,htd2
11,28,60,8,2023-04-05 02:00:00,rodrinoya.1@gmail.com,htd2
13,29,40,10,2023-04-05 03:00:00,rodrinoya.1@gmail.com,htd2
12,29,62,11,2023-04-05 04:00:00,rodrinoya.1@gmail.com,htd2
14,28,48,11,2023-04-05 05:00:00,rodrinoya.1@gmail.com,htd2
15,29,43,14,2023-04-05 06:00:00,rodrinoya.1@gmail.com,htd2
16,30,47,15,2023-04-05 07:00:00,rodrinoya.1@gmail.com,htd2
17,29,219,16,2023-04-05 08:00:00,rodrinoya.1@gmail.com,htd2
17,29,228,16,2023-04-05 09:00:00,rodrinoya.1@gmail.com,htd2
18,32,244,16,2023-04-05 10:00:00,rodrinoya.1@gmail.com,htd2
20,31,263,17,2023-04-05 11:00:00,rodrinoya.1@gmail.com,htd2
21,33,276,19,2023-04-05 12:00:00,rodrinoya.1@gmail.com,htd2
21,31,313,19,2023-04-05 13:00:00,rodrinoya.1@gmail.com,htd2
18,31,332,17,2023-04-05 14:00:00,rodrinoya.1@gmail.com,htd2
18,31,356,16,2023-04-05 15:00:00,rodrinoya.1@gmail.com,htd2
18,31,378,14,2023-04-05 16:00:00,rodrinoya.1@gmail.com,htd2
16,29,387,14,2023-04-05 17:00:00,rodrinoya.1@gmail.com,htd2
16,29,412,13,2023-04-05 18:00:00,rodrinoya.1@gmail.com,htd2
15,27,70,12,2023-04-05 19:00:00,rodrinoya.1@gmail.com,htd2
12,29,58,10,2023-04-05 20:00:00,rodrinoya.1@gmail.com,htd2
13,27,60,11,2023-04-05 21:00:00,rodrinoya.1@gmail.com,htd2
10,28,58,9,2023-04-05 22:00:00,rodrinoya.1@gmail.com,htd2
10,26,67,9,2023-04-05 23:00:00,rodrinoya.1@gmail.com,htd2
9,26,45,7,2023-04-06 00:00:00,rodrinoya.1@gmail.com,htd2
11,25,36,9,2023-04-06 01:00:00,rodrinoya.1@gmail.com,htd2
12,27,50,9,2023-04-06 02:00:00,rodrinoya.1@gmail.com,htd2
13,27,38,11,2023-04-06 03:00:00,rodrinoya.1@gmail.com,htd2
12,28,61,12,2023-04-06 04:00:00,rodrinoya.1@gmail.com,htd2
13,28,63,12,2023-04-06 05:00:00,rodrinoya.1@gmail.com,htd2
15,30,62,14,2023-04-06 06:00:00,rodrinoya.1@gmail.com,htd2
17,31,62,15,2023-04-06 07:00:00,rodrinoya.1@gmail.com,htd2
16,30,205,14,2023-04-06 08:00:00,rodrinoya.1@gmail.com,htd2
18,29,222,17,2023-04-06 09:00:00,rodrinoya.1@gmail.com,htd2
18,31,247,17,2023-04-06 10:00:00,rodrinoya.1@gmail.com,htd2
21,33,271,17,2023-04-06 11:00:00,rodrinoya.1@gmail.com,htd2
22,33,297,19,2023-04-06 12:00:00,rodrinoya.1@gmail.com,htd2
20,32,312,18,2023-04-06 13:00:00,rodrinoya.1@gmail.com,htd2
19,32,321,18,2023-04-06 14:00:00,rodrinoya.1@gmail.com,htd2
17,31,356,16,2023-04-06 15:00:00,rodrinoya.1@gmail.com,htd2
18,31,360,16,2023-04-06 16:00:00,rodrinoya.1@gmail.com,htd2
16,31,386,14,2023-04-06 17:00:00,rodrinoya.1@gmail.com,htd2
15,29,406,12,2023-04-06 18:00:00,rodrinoya.1@gmail.com,htd2
14,29,72,12,2023-04-06 19:00:00,rodrinoya.1@gmail.com,htd2
14,29,69,12,2023-04-06 20:00:00,rodrinoya.1@gmail.com,htd2
12,28,67,10,2023-04-06 21:00:00,rodrinoya.1@gmail.com,htd2
10,27,69,9,2023-04-06 22:00:00,rodrinoya.1@gmail.com,htd2
9,26,59,9,2023-04-06 23:00:00,rodrinoya.1@gmail.com,htd2
8,26,60,6,2023-04-07 00:00:00,rodrinoya.1@gmail.com,htd2
9,25,41,8,2023-04-07 01:00:00,rodrinoya.1@gmail.com,htd2
11,26,57,10,2023-04-07 02:00:00,rodrinoya.1@gmail.com,htd2
13,27,59,10,2023-04-07 03:00:00,rodrinoya.1@gmail.com,htd2
13,27,59,12,2023-04-07 04:00:00,rodrinoya.1@gmail.com,htd2
13,28,54,11,2023-04-07 05:00:00,rodrinoya.1@gmail.com,htd2
15,28,46,13,2023-04-07 06:00:00,rodrinoya.1@gmail.com,htd2
16,29,57,15,2023-04-07 07:00:00,rodrinoya.1@gmail.com,htd2
17,31,196,15,2023-04-07 08:00:00,rodrinoya.1@gmail.com,htd2
18,31,223,16,2023-04-07 09:00:00,rodrinoya.1@gmail.com,htd2
19,30,250,17,2023-04-07 10:00:00,rodrinoya.1@gmail.com,htd2
20,32,276,18,2023-04-07 11:00:00,rodrinoya.1@gmail.com,htd2
21,33,277,20,2023-04-07 12:00:00,rodrinoya.1@gmail.com,htd2
19,33,317,19,2023-04-07 13:00:00,rodrinoya.1@gmail.com,htd2
20,31,317,17,2023-04-07 14:00:00,rodrinoya.1@gmail.com,htd2
19,30,351,16,2023-04-07 15:00:00,rodrinoya.1@gmail.com,htd2
18,30,371,14,2023-04-07 16:00:00,rodrinoya.1@gmail.com,htd2
15,30,398,14,2023-04-07 17:00:00,rodrinoya.1@gmail.com,htd2
15,29,414,14,2023-04-07 18:00:00,rodrinoya.1@gmail.com,htd2
14,28,59,13,2023-04-07 19:00:00,rodrinoya.1@gmail.com,htd2
14,29,72,11,2023-04-07 20:00:00,rodrinoya.1@gmail.com,htd2
12,29,81,9,2023-04-07 21:00:00,rodrinoya.1@gmail.com,htd2
11,28,59,8,2023-04-07 22:00:00,rodrinoya.1@gmail.com,htd2
10,25,70,9,2023-04-07 23:00:00,rodrinoya.1@gmail.com,htd2
8,27,52,7,2023-04-08 00:00:00,rodrinoya.1@gmail.com,htd2
9,25,54,7,2023-04-08 01:00:00,rodrinoya.1@gmail.com,htd2
11,27,38,10,2023-04-08 02:00:00,rodrinoya.1@gmail.com,htd2
12,28,56,9,2023-04-08 03:00:00,rodrinoya.1@gmail.com,htd2
12,27,64,10,2023-04-08 04:00:00,rodrinoya.1@gmail.com,htd2
15,28,43,12,2023-04-08 05:00:00,rodrinoya.1@gmail.com,htd2
16,28,41,14,2023-04-08 06:00:00,rodrinoya.1@gmail.com,htd2
15,31,48,15,2023-04-08 07:00:00,rodrinoya.1@gmail.com,htd2
18,30,197,15,2023-04-08 08:00:00,rodrinoya.1@gmail.com,htd2
18,29,228,15,2023-04-08 09:00:00,rodrinoya.1@gmail.com,htd2
19,31,240,18,2023-04-08 10:00:00,rodrinoya.1@gmail.com,htd2
21,31,258,17,2023-04-08 11:00:00,rodrinoya.1@gmail.com,htd2
22,33,290,19,2023-04-08 12:00:00,rodrinoya.1@gmail.com,htd2
19,31,303,18,2023-04-08 13:00:00,rodrinoya.1@gmail.com,htd2
19,31,336,16,2023-04-08 14:00:00,rodrinoya.1@gmail.com,htd2
17,29,346,16,2023-04-08 15:00:00,rodrinoya.1@gmail.com,htd2
16,31,358,16,2023-04-08 16:00:00,rodrinoya.1@gmail.com,htd2
16,30,381,15,2023-04-08 17:00:00,rodrinoya.1@gmail.com,htd2
15,30,420,14,2023-04-08 18:00:00,rodrinoya.1@gmail.com,htd2
13,28,55,11,2023-04-08 19:00:00,rodrinoya.1@gmail.com,htd2
13,29,65,11,2023-04-08 20:00:00,rodrinoya.1@gmail.com,htd2
11,29,74,11,2023-04-08 21:00:00,rodrinoya.1@gmail.com,htd2
12,27,65,9,2023-04-08 22:00:00,rodrinoya.1@gmail.com,htd2
11,25,58,7,2023-04-08 23:00:00,rodrinoya.1@gmail.com,htd2
8,27,54,7,2023-04-09 00:00:00,rodrinoya.1@gmail.com,htd2
10,26,36,9,2023-04-09 01:00:00,rodrinoya.1@gmail.com,htd2
11,26,42,10,2023-04-09 02:00:00,rodrinoya.1@gmail.com,htd2
13,29,51,10,2023-04-09 03:00:00,rodrinoya.1@gmail.com,htd2
12,29,64,12,2023-04-09 04:00:00,rodrinoya.1@gmail.com,htd2
14,28,62,11,2023-04-09 05:00:00,rodrinoya.1@gmail.com,htd2
15,28,43,12,2023-04-09 06:00:00,rodrinoya.1@gmail.com,htd2
15,29,66,13,2023-04-09 07:00:00,rodrinoya.1@gmail.com,htd2
18,29,201,15,2023-04-09 08:00:00,rodrinoya.1@gmail.com,htd2
18,29,225,17,2023-04-09 09:00:00,rodrinoya.1@gmail.com,htd2
20,31,259,17,2023-04-09 10:00:00,rodrinoya.1@gmail.com,htd2
20,33,264,19,2023-04-09 11:00:00,rodrinoya.1@gmail.com,htd2
21,33,282,18,2023-04-09 12:00:00,rodrinoya.1@gmail.com,htd2
21,32,298,19,2023-04-09 13:00:00,rodrinoya.1@gmail.com,htd2
20,30,326,17,2023-04-09 14:00:00,rodrinoya.1@gmail.com,htd2
17,30,335,16,2023-04-09 15:00:00,rodrinoya.1@gmail.com,htd2
18,30,365,14,2023-04-09 16:00:00,rodrinoya.1@gmail.com,htd2
16,29,380,13,2023-04-09 17:00:00,rodrinoya.1@gmail.com,htd2
16,29,411,12,2023-04-09 18:00:00,rodrinoya.1@gmail.com,htd2
13,28,61,11,2023-04-09 19:00:00,rodrinoya.1@gmail.com,htd2
14,29,58,12,2023-04-09 20:00:00,rodrinoya.1@gmail.com,htd2
11,29,73,11,2023-04-09 21:00:00,rodrinoya.1@gmail.com,htd2
10,26,78,10,2023-04-09 22:00:00,rodrinoya.1@gmail.com,htd2
10,27,62,8,2023-04-09 23:00:00,rodrinoya.1@gmail.com,htd2
10,27,53,6,2023-04-10 00:00:00,rodrinoya.1@gmail.com,htd2
11,27,59,7,2023-04-10 01:00:00,rodrinoya.1@gmail.com,htd2
11,26,47,9,2023-04-10 02:00:00,rodrinoya.1@gmail.com,htd2
13,28,55,9,2023-04-10 03:00:00,rodrinoya.1@gmail.com,htd2
12,27,56,10,2023-04-10 04:00:00,rodrinoya.1@gmail.com,htd2
13,28,52,13,2023-04-10 05:00:00,rodrinoya.1@gmail.com,htd2
14,30,50,12,2023-04-10 06:00:00,rodrinoya.1@gmail.com,htd2
16,29,65,13,2023-04-10 07:00:00,rodrinoya.1@gmail.com,htd2
18,30,218,14,2023-04-10 08:00:00,rodrinoya.1@gmail.com,htd2
18,30,228,16,2023-04-10 09:00:00,rodrinoya.1@gmail.com,htd2
19,30,240,17,2023-04-10 10:00:00,rodrinoya.1@gmail.com,htd2
20,31,258,19,2023-04-10 11:00:00,rodrinoya.1@gmail.com,htd2
21,32,279,19,2023-04-10 12:00:00,rodrinoya.1@gmail.com,htd2
19,31,311,17,2023-04-10 13:00:00,rodrinoya.1@gmail.com,htd2
19,30,324,17,2023-04-10 14:00:00,rodrinoya.1@gmail.com,htd2
18,30,360,16,2023-04-10 15:00:00,rodrinoya.1@gmail.com,htd2
18,30,372,14,2023-04-10 16:00:00,rodrinoya.1@gmail.com,htd2
17,30,380,15,2023-04-10 17:00:00,rodrinoya.1@gmail.com,htd2
14,28,408,13,2023-04-10 18:00:00,rodrinoya.1@gmail.com,htd2
14,29,76,13,2023-04-10 19:00:00,rodrinoya.1@gmail.com,htd2
13,27,61,10,2023-04-10 20:00:00,rodrinoya.1@gmail.com,htd2
11,28,66,10,2023-04-10 21:00:00,rodrinoya.1@gmail.com,htd2
11,26,63,10,2023-04-10 22:00:00,rodrinoya.1@gmail.com,htd2
11,25,70,8,2023-04-10 23:00:00,rodrinoya.1@gmail.com,htd2
10,25,45,6,2023-04-11 00:00:00,rodrinoya.1@gmail.com,htd2
10,26,37,8,2023-04-11 01:00:00,rodrinoya.1@gmail.com,htd2
11,28,41,9,2023-04-11 02:00:00,rodrinoya.1@gmail.com,htd2
11,29,46,10,2023-04-11 03:00:00,rodrinoya.1@gmail.com,htd2
13,27,56,11,2023-04-11 04:00:00,rodrinoya.1@gmail.com,htd2
14,29,60,12,2023-04-11 05:00:00,rodrinoya.1@gmail.com,htd2
16,29,57,14,2023-04-11 06:00:00,rodrinoya.1@gmail.com,htd2
16,29,46,14,2023-04-11 07:00:00,rodrinoya.1@gmail.com,htd2
16,31,207,14,2023-04-11 08:00:00,rodrinoya.1@gmail.com,htd2
18,29,220,15,2023-04-11 09:00:00,rodrinoya.1@gmail.com,htd2
20,30,239,16,2023-04-11 10:00:00,rodrinoya.1@gmail.com,htd2
20,32,263,18,2023-04-11 11:00:00,rodrinoya.1@gmail.com,htd2
22,32,291,18,2023-04-11 12:00:00,rodrinoya.1@gmail.com,htd2
21,32,299,17,2023-04-11 13:00:00,rodrinoya.1@gmail.com,htd2
18,30,320,16,2023-04-11 14:00:00,rodrinoya.1@gmail.com,htd2
19,30,339,15,2023-04-11 15:00:00,rodrinoya.1@gmail.com,htd2
16,29,367,16,2023-04-11 16:00:00,rodrinoya.1@gmail.com,htd2
16,30,378,15,2023-04-11 17:00:00,rodrinoya.1@gmail.com,htd2
14,30,405,14,2023-04-11 18:00:00,rodrinoya.1@gmail.com,htd2
15,27,76,11,2023-04-11 19:00:00,rodrinoya.1@gmail.com,htd2
12,28,58,10,2023-04-11 20:00:00,rodrinoya.1@gmail.com,htd2
12,27,72,10,2023-04-11 21:00:00,rodrinoya.1@gmail.com,htd2
11,26,65,10,2023-04-11 22:00:00,rodrinoya.1@gmail.com,htd2
9,27,62,9,2023-04-11 23:00:00,rodrinoya.1@gmail.com,htd2
8,25,40,6,2023-04-12 00:00:00,rodrinoya.1@gmail.com,htd2
9,27,37,7,2023-04-12 01:00:00,rodrinoya.1@gmail.com,htd2
10,28,42,10,2023-04-12 02:00:00,rodrinoya.1@gmail.com,htd2
12,29,61,10,2023-04-12 03:00:00,rodrinoya.1@gmail.com,htd2
14,27,53,10,2023-04-12 04:00:00,rodrinoya.1@gmail.com,htd2
15,28,43,12,2023-04-12 05:00:00,rodrinoya.1@gmail.com,htd2
14,28,42,14,2023-04-12 06:00:00,rodrinoya.1@gmail.com,htd2
15,29,63,13,2023-04-12 07:00:00,rodrinoya.1@gmail.com,htd2
16,30,214,14,2023-04-12 08:00:00,rodrinoya.1@gmail.com,htd2
19,30,226,15,2023-04-12 09:00:00,rodrinoya.1@gmail.com,htd2
20,31,253,16,2023-04-12 10:00:00,rodrinoya.1@gmail.com,htd2
20,32,280,19,2023-04-12 11:00:00,rodrinoya.1@gmail.com,htd2
22,31,300,18,2023-04-12 12:00:00,rodrinoya.1@gmail.com,htd2
21,31,299,18,2023-04-12 13:00:00,rodrinoya.1@gmail.com,htd2
20,31,319,16,2023-04-12 14:00:00,rodrinoya.1@gmail.com,htd2
17,31,347,15,2023-04-12 15:00:00,rodrinoya.1@gmail.com,htd2
16,30,371,16,2023-04-12 16:00:00,rodrinoya.1@gmail.com,htd2
17,31,396,14,2023-04-12 17:00:00,rodrinoya.1@gmail.com,htd2
15,29,413,13,2023-04-12 18:00:00,rodrinoya.1@gmail.com,htd2
14,29,58,11,2023-04-12 19:00:00,rodrinoya.1@gmail.com,htd2
12,29,69,10,2023-04-12 20:00:00,rodrinoya.1@gmail.com,htd2
11,27,81,11,2023-04-12 21:00:00,rodrinoya.1@gmail.com,htd2
11,28,57,8,2023-04-12 22:00:00,rodrinoya.1@gmail.com,htd2
11,25,81,9,2023-04-12 23:00:00,rodrinoya.1@gmail.com,htd2
9,27,42,6,2023-04-13 00:00:00,rodrinoya.1@gmail.com,htd2
9,25,39,8,2023-04-13 01:00:00,rodrinoya.1@gmail.com,htd2
11,27,51,9,2023-04-13 02:00:00,rodrinoya.1@gmail.com,htd2
11,28,60,11,2023-04-13 03:00:00,rodrinoya.1@gmail.com,htd2
14,28,48,11,2023-04-13 04:00:00,rodrinoya.1@gmail.com,htd2
14,29,50,11,2023-04-13 05:00:00,rodrinoya.1@gmail.com,htd2
14,30,56,13,2023-04-13 06:00:00,rodrinoya.1@gmail.com,htd2
15,30,55,14,2023-04-13 07:00:00,rodrinoya.1@gmail.com,htd2
16,29,210,16,2023-04-13 08:00:00,rodrinoya.1@gmail.com,htd2
17,29,231,15,2023-04-13 09:00:00,rodrinoya.1@gmail.com,htd2
18,32,235,16,2023-04-13 10:00:00,rodrinoya.1@gmail.com,htd2
21,31,261,18,2023-04-13 11:00:00,rodrinoya.1@gmail.com,htd2
21,31,288,18,2023-04-13 12:00:00,rodrinoya.1@gmail.com,htd2
19,33,299,17,2023-04-13 13:00:00,rodrinoya.1@gmail.com,htd2
19,30,339,18,2023-04-13 14:00:00,rodrinoya.1@gmail.com,htd2
18,29,353,17,2023-04-13 15:00:00,rodrinoya.1@gmail.com,htd2
16,30,363,14,2023-04-13 16:00:00,rodrinoya.1@gmail.com,htd2
15,29,400,15,2023-04-13 17:00:00,rodrinoya.1@gmail.com,htd2
14,29,406,13,2023-04-13 18:00:00,rodrinoya.1@gmail.com,htd2
15,28,56,12,2023-04-13 19:00:00,rodrinoya.1@gmail.com,htd2
13,27,62,11,2023-04-13 20:00:00,rodrinoya.1@gmail.com,htd2
12,27,61,10,2023-04-13 21:00:00,rodrinoya.1@gmail.com,htd2
10,28,81,10,2023-04-13 22:00:00,rodrinoya.1@gmail.com,htd2
9,26,66,7,2023-04-13 23:00:00,rodrinoya.1@gmail.com,htd2
8,25,55,6,2023-04-14 00:00:00,rodrinoya.1@gmail.com,htd2
9,25,55,8,2023-04-14 01:00:00,rodrinoya.1@gmail.com,htd2
11,26,60,8,2023-04-14 02:00:00,rodrinoya.1@gmail.com,htd2
12,28,52,11,2023-04-14 03:00:00,rodrinoya.1@gmail.com,htd2
13,29,62,11,2023-04-14 04:00:00,rodrinoya.1@gmail.com,htd2
13,27,51,11,2023-04-14 05:00:00,rodrinoya.1@gmail.com,htd2
14,30,64,14,2023-04-14 06:00:00,rodrinoya.1@gmail.com,htd2
17,30,65,15,2023-04-14 07:00:00,rodrinoya.1@gmail.com,htd2
16,29,202,15,2023-04-14 08:00:00,rodrinoya.1@gmail.com,htd2
17,30,240,16,2023-04-14 09:00:00,rodrinoya.1@gmail.com,htd2
18,30,249,16,2023-04-14 10:00:00,rodrinoya.1@gmail.com,htd2
19,32,275,19,2023-04-14 11:00:00,rodrinoya.1@gmail.com,htd2
20,31,290,20,2023-04-14 12:00:00,rodrinoya.1@gmail.com,htd2
21,32,313,19,2023-04-14 13:00:00,rodrinoya.1@gmail.com,htd2
20,31,320,17,2023-04-14 14:00:00,rodrinoya.1@gmail.com,htd2
17,29,343,17,2023-04-14 15:00:00,rodrinoya.1@gmail.com,htd2
16,31,378,14,2023-04-14 16:00:00,rodrinoya.1@gmail.com,htd2
16,31,380,15,2023-04-14 17:00:00,rodrinoya.1@gmail.com,htd2
15,30,419,12,2023-04-14 18:00:00,rodrinoya.1@gmail.com,htd2
14,29,61,11,2023-04-14 19:00:00,rodrinoya.1@gmail.com,htd2
13,29,59,10,2023-04-14 20:00:00,rodrinoya.1@gmail.com,htd2
12,28,73,10,2023-04-14 21:00:00,rodrinoya.1@gmail.com,htd2
11,26,67,9,2023-04-14 22:00:00,rodrinoya.1@gmail.com,htd2
10,26,63,9,2023-04-14 23:00:00,rodrinoya.1@gmail.com,htd2
9,25,56,8,2023-04-15 00:00:00,rodrinoya.1@gmail.com,htd2
11,25,44,7,2023-04-15 01:00:00,rodrinoya.1@gmail.com,htd2
11,28,43,8,2023-04-15 02:00:00,rodrinoya.1@gmail.com,htd2
11,29,40,10,2023-04-15 03:00:00,rodrinoya.1@gmail.com,htd2
14,29,47,11,2023-04-15 04:00:00,rodrinoya.1@gmail.com,htd2
13,29,43,11,2023-04-15 05:00:00,rodrinoya.1@gmail.com,htd2
15,28,60,14,2023-04-15 06:00:00,rodrinoya.1@gmail.com,htd2
17,31,67,13,2023-04-15 07:00:00,rodrinoya.1@gmail.com,htd2
17,29,211,15,2023-04-15 08:00:00,rodrinoya.1@gmail.com,htd2
18,29,229,16,2023-04-15 09:00:00,rodrinoya.1@gmail.com,htd2
20,32,241,18,2023-04-15 10:00:00,rodrinoya.1@gmail.com,htd2
21,33,260,19,2023-04-15 11:00:00,rodrinoya.1@gmail.com,htd2
21,32,292,18,2023-04-15 12:00:00,rodrinoya.1@gmail.com,htd2
19,33,317,18,2023-04-15 13:00:00,rodrinoya.1@gmail.com,htd2
20,31,330,18,2023-04-15 14:00:00,rodrinoya.1@gmail.com,htd2
18,30,353,17,2023-04-15 15:00:00,rodrinoya.1@gmail.com,htd2
18,31,369,15,2023-04-15 16:00:00,rodrinoya.1@gmail.com,htd2
16,30,382,15,2023-04-15 17:00:00,rodrinoya.1@gmail.com,htd2
15,28,415,13,2023-04-15 18:00:00,rodrinoya.1@gmail.com,htd2
15,27,72,12,2023-04-15 19:00:00,rodrinoya.1@gmail.com,htd2
12,28,62,10,2023-04-15 20:00:00,rodrinoya.1@gmail.com,htd2
12,28,68,9,2023-04-15 21:00:00,rodrinoya.1@gmail.com,htd2
11,26,82,9,2023-04-15 22:00:00,rodrinoya.1@gmail.com,htd2
11,26,67,7,2023-04-15 23:00:00,rodrinoya.1@gmail.com,htd2
9,25,39,6,2023-04-16 00:00:00,rodrinoya.1@gmail.com,htd2
9,27,44,9,2023-04-16 01:00:00,rodrinoya.1@gmail.com,htd2
11,27,48,10,2023-04-16 02:00:00,rodrinoya.1@gmail.com,htd2
11,28,41,11,2023-04-16 03:00:00,rodrinoya.1@gmail.com,htd2
13,29,59,11,2023-04-16 04:00:00,rodrinoya.1@gmail.com,htd2
15,29,45,13,2023-04-16 05:00:00,rodrinoya.1@gmail.com,htd2
16,29,43,13,2023-04-16 06:00:00,rodrinoya.1@gmail.com,htd2
17,31,50,15,2023-04-16 07:00:00,rodrinoya.1@gmail.com,htd2
16,30,212,14,2023-04-16 08:00:00,rodrinoya.1@gmail.com,htd2
19,31,225,16,2023-04-16 09:00:00,rodrinoya.1@gmail.com,htd2
18,30,243,18,2023-04-16 10:00:00,rodrinoya.1@gmail.com,htd2
21,31,271,18,2023-04-16 11:00:00,rodrinoya.1@gmail.com,htd2
22,33,298,18,2023-04-16 12:00:00,rodrinoya.1@gmail.com,htd2
19,31,317,19,2023-04-16 13:00:00,rodrinoya.1@gmail.com,htd2
19,32,320,18,2023-04-16 14:00:00,rodrinoya.1@gmail.com,htd2
18,31,354,17,2023-04-16 15:00:00,rodrinoya.1@gmail.com,htd2
18,30,362,16,2023-04-16 16:00:00,rodrinoya.1@gmail.com,htd2
15,29,382,15,2023-04-16 17:00:00,rodrinoya.1@gmail.com,htd2
15,29,402,14,2023-04-16 18:00:00,rodrinoya.1@gmail.com,htd2
13,27,64,13,2023-04-16 19:00:00,rodrinoya.1@gmail.com,htd2
12,27,56,11,2023-04-16 20:00:00,rodrinoya.1@gmail.com,htd2
12,29,60,9,2023-04-16 21:00:00,rodrinoya.1@gmail.com,htd2
10,26,80,9,2023-04-16 22:00:00,rodrinoya.1@gmail.com,htd2
11,26,58,7,2023-04-16 23:00:00,rodrinoya.1@gmail.com,htd2
9,26,40,6,2023-04-17 00:00:00,rodrinoya.1@gmail.com,htd2
9,27,40,8,2023-04-17 01:00:00,rodrinoya.1@gmail.com,htd2
12,27,52,8,2023-04-17 02:00:00,rodrinoya.1@gmail.com,htd2
13,28,38,11,2023-04-17 03:00:00,rodrinoya.1@gmail.com,htd2
13,28,43,11,2023-04-17 04:00:00,rodrinoya.1@gmail.com,htd2
13,28,57,13,2023-04-17 05:00:00,rodrinoya.1@gmail.com,htd2
15,29,45,13,2023-04-17 06:00:00,rodrinoya.1@gmail.com,htd2
16,29,56,13,2023-04-17 07:00:00,rodrinoya.1@gmail.com,htd2
16,30,202,15,2023-04-17 08:00:00,rodrinoya.1@gmail.com,htd2
19,29,220,16,2023-04-17 09:00:00,rodrinoya.1@gmail.com,htd2
19,30,235,16,2023-04-17 10:00:00,rodrinoya.1@gmail.com,htd2
19,33,269,19,2023-04-17 11:00:00,rodrinoya.1@gmail.com,htd2
20,33,278,19,2023-04-17 12:00:00,rodrinoya.1@gmail.com,htd2
21,31,296,19,2023-04-17 13:00:00,rodrinoya.1@gmail.com,htd2
20,30,330,18,2023-04-17 14:00:00,rodrinoya.1@gmail.com,htd2
19,29,349,15,2023-04-17 15:00:00,rodrinoya.1@gmail.com,htd2
16,31,374,14,2023-04-17 16:00:00,rodrinoya.1@gmail.com,htd2
17,29,399,13,2023-04-17 17:00:00,rodrinoya.1@gmail.com,htd2
16,29,418,12,2023-04-17 18:00:00,rodrinoya.1@gmail.com,htd2
13,29,77,11,2023-04-17 19:00:00,rodrinoya.1@gmail.com,htd2
13,29,61,10,2023-04-17 20:00:00,rodrinoya.1@gmail.com,htd2
13,29,67,9,2023-04-17 21:00:00,rodrinoya.1@gmail.com,htd2
12,28,58,10,2023-04-17 22:00:00,rodrinoya.1@gmail.com,htd2
9,26,65,7,2023-04-17 23:00:00,rodrinoya.1@gmail.com,htd2
10,27,50,6,2023-04-18 00:00:00,rodrinoya.1@gmail.com,htd2
11,25,61,7,2023-04-18 01:00:00,rodrinoya.1@gmail.com,htd2
11,27,49,10,2023-04-18 02:00:00,rodrinoya.1@gmail.com,htd2
13,28,46,11,2023-04-18 03:00:00,rodrinoya.1@gmail.com,htd2
13,27,39,12,2023-04-18 04:00:00,rodrinoya.1@gmail.com,htd2
14,27,58,12,2023-04-18 05:00:00,rodrinoya.1@gmail.com,htd2
16,30,51,13,2023-04-18 06:00:00,rodrinoya.1@gmail.com,htd2
17,29,44,13,2023-04-18 07:00:00,rodrinoya.1@gmail.com,htd2
18,30,201,15,2023-04-18 08:00:00,rodrinoya.1@gmail.com,htd2
17,31,221,17,2023-04-18 09:00:00,rodrinoya.1@gmail.com,htd2
19,30,251,18,2023-04-18 10:00:00,rodrinoya.1@gmail.com,htd2
21,32,277,17,2023-04-18 11:00:00,rodrinoya.1@gmail.com,htd2
20,31,299,19,2023-04-18 12:00:00,rodrinoya.1@gmail.com,htd2
21,31,319,18,2023-04-18 13:00:00,rodrinoya.1@gmail.com,htd2
18,30,328,17,2023-04-18 14:00:00,rodrinoya.1@gmail.com,htd2
17,31,341,17,2023-04-18 15:00:00,rodrinoya.1@gmail.com,htd2
17,31,368,16,2023-04-18 16:00:00,rodrinoya.1@gmail.com,htd2
17,31,397,13,2023-04-18 17:00:00,rodrinoya.1@gmail.com,htd2
15,29,418,12,2023-04-18 18:00:00,rodrinoya.1@gmail.com,htd2
14,28,72,13,2023-04-18 19:00:00,rodrinoya.1@gmail.com,htd2
12,27,76,11,2023-04-18 20:00:00,rodrinoya.1@gmail.com,htd2
12,27,73,10,2023-04-18 21:00:00,rodrinoya.1@gmail.com,htd2
11,26,77,9,2023-04-18 22:00:00,rodrinoya.1@gmail.com,htd2
11,26,70,7,2023-04-18 23:00:00,rodrinoya.1@gmail.com,htd2
10,27,53,8,2023-04-19 00:00:00,rodrinoya.1@gmail.com,htd2
10,27,55,8,2023-04-19 01:00:00,rodrinoya.1@gmail.com,htd2
10,27,60,8,2023-04-19 02:00:00,rodrinoya.1@gmail.com,htd2
12,28,47,9,2023-04-19 03:00:00,rodrinoya.1@gmail.com,htd2
13,28,45,10,2023-04-19 04:00:00,rodrinoya.1@gmail.com,htd2
14,28,56,11,2023-04-19 05:00:00,rodrinoya.1@gmail.com,htd2
16,28,41,12,2023-04-19 06:00:00,rodrinoya.1@gmail.com,htd2
16,29,58,15,2023-04-19 07:00:00,rodrinoya.1@gmail.com,htd2
18,31,200,16,2023-04-19 08:00:00,rodrinoya.1@gmail.com,htd2
19,30,239,17,2023-04-19 09:00:00,rodrinoya.1@gmail.com,htd2
18,30,248,16,2023-04-19 10:00:00,rodrinoya.1@gmail.com,htd2
21,33,280,19,2023-04-19 11:00:00,rodrinoya.1@gmail.com,htd2
20,32,286,20,2023-04-19 12:00:00,rodrinoya.1@gmail.com,htd2
19,33,307,19,2023-04-19 13:00:00,rodrinoya.1@gmail.com,htd2
19,30,332,18,2023-04-19 14:00:00,rodrinoya.1@gmail.com,htd2
17,30,351,16,2023-04-19 15:00:00,rodrinoya.1@gmail.com,htd2
18,31,363,15,2023-04-19 16:00:00,rodrinoya.1@gmail.com,htd2
17,29,382,15,2023-04-19 17:00:00,rodrinoya.1@gmail.com,htd2
16,28,404,14,2023-04-19 18:00:00,rodrinoya.1@gmail.com,htd2
14,29,70,12,2023-04-19 19:00:00,rodrinoya.1@gmail.com,htd2
14,27,55,12,2023-04-19 20:00:00,rodrinoya.1@gmail.com,htd2
13,27,74,11,2023-04-19 21:00:00,rodrinoya.1@gmail.com,htd2
11,28,74,8,2023-04-19 22:00:00,rodrinoya.1@gmail.com,htd2
9,26,80,7,2023-04-19 23:00:00,rodrinoya.1@gmail.com,htd2
10,25,39,7,2023-04-20 00:00:00,rodrinoya.1@gmail.com,htd2
9,26,43,9,2023-04-20 01:00:00,rodrinoya.1@gmail.com,htd2
10,27,55,10,2023-04-20 02:00:00,rodrinoya.1@gmail.com,htd2
12,28,62,11,2023-04-20 03:00:00,rodrinoya.1@gmail.com,htd2
12,29,49,10,2023-04-20 04:00:00,rodrinoya.1@gmail.com,htd2
13,27,58,11,2023-04-20 05:00:00,rodrinoya.1@gmail.com,htd2
14,28,59,12,2023-04-20 06:00:00,rodrinoya.1@gmail.com,htd2
16,31,45,15,2023-04-20 07:00:00,rodrinoya.1@gmail.com,htd2
18,31,217,16,2023-04-20 08:00:00,rodrinoya.1@gmail.com,htd2
18,30,228,17,2023-04-20 09:00:00,rodrinoya.1@gmail.com,htd2
18,31,240,16,2023-04-20 10:00:00,rodrinoya.1@gmail.com,htd2
19,32,266,18,2023-04-20 11:00:00,rodrinoya.1@gmail.com,htd2
21,32,280,18,2023-04-20 12:00:00,rodrinoya.1@gmail.com,htd2
21,31,303,18,2023-04-20 13:00:00,rodrinoya.1@gmail.com,htd2
18,30,315,18,2023-04-20 14:00:00,rodrinoya.1@gmail.com,htd2
17,30,353,16,2023-04-20 15:00:00,rodrinoya.1@gmail.com,htd2
17,30,378,14,2023-04-20 16:00:00,rodrinoya.1@gmail.com,htd2
15,29,382,14,2023-04-20 17:00:00,rodrinoya.1@gmail.com,htd2
15,29,401,12,2023-04-20 18:00:00,rodrinoya.1@gmail.com,htd2
13,29,74,11,2023-04-20 19:00:00,rodrinoya.1@gmail.com,htd2
12,29,62,11,2023-04-20 20:00:00,rodrinoya.1@gmail.com,htd2
12,28,80,11,2023-04-20 21:00:00,rodrinoya.1@gmail.com,htd2
10,27,72,10,2023-04-20 22:00:00,rodrinoya.1@gmail.com,htd2
10,26,62,7,2023-04-20 23:00:00,rodrinoya.1@gmail.com,htd2
9,27,38,6,2023-04-21 00:00:00,rodrinoya.1@gmail.com,htd2
9,26,56,9,2023-04-21 01:00:00,rodrinoya.1@gmail.com,htd2
10,26,41,9,2023-04-21 02:00:00,rodrinoya.1@gmail.com,htd2
13,27,62,9,2023-04-21 03:00:00,rodrinoya.1@gmail.com,htd2
12,27,50,12,2023-04-21 04:00:00,rodrinoya.1@gmail.com,htd2
15,27,53,11,2023-04-21 05:00:00,rodrinoya.1@gmail.com,htd2
14,28,53,14,2023-04-21 06:00:00,rodrinoya.1@gmail.com,htd2
17,31,43,15,2023-04-21 07:00:00,rodrinoya.1@gmail.com,htd2
16,31,198,14,2023-04-21 08:00:00,rodrinoya.1@gmail.com,htd2
18,31,223,15,2023-04-21 09:00:00,rodrinoya.1@gmail.com,htd2
19,32,250,18,2023-04-21 10:00:00,rodrinoya.1@gmail.com,htd2
19,31,276,19,2023-04-21 11:00:00,rodrinoya.1@gmail.com,htd2
22,32,282,18,2023-04-21 12:00:00,rodrinoya.1@gmail.com,htd2
21,31,305,18,2023-04-21 13:00:00,rodrinoya.1@gmail.com,htd2
19,32,324,17,2023-04-21 14:00:00,rodrinoya.1@gmail.com,htd2
18,30,345,17,2023-04-21 15:00:00,rodrinoya.1@gmail.com,htd2
18,29,356,15,2023-04-21 16:00:00,rodrinoya.1@gmail.com,htd2
15,29,396,14,2023-04-21 17:00:00,rodrinoya.1@gmail.com,htd2
14,29,405,14,2023-04-21 18:00:00,rodrinoya.1@gmail.com,htd2
13,29,62,13,2023-04-21 19:00:00,rodrinoya.1@gmail.com,htd2
14,27,66,12,2023-04-21 20:00:00,rodrinoya.1@gmail.com,htd2
13,27,56,10,2023-04-21 21:00:00,rodrinoya.1@gmail.com,htd2
10,27,76,9,2023-04-21 22:00:00,rodrinoya.1@gmail.com,htd2
9,27,76,9,2023-04-21 23:00:00,rodrinoya.1@gmail.com,htd2
9,26,55,7,2023-04-22 00:00:00,rodrinoya.1@gmail.com,htd2
9,27,52,7,2023-04-22 01:00:00,rodrinoya.1@gmail.com,htd2
11,28,60,8,2023-04-22 02:00:00,rodrinoya.1@gmail.com,htd2
11,28,43,11,2023-04-22 03:00:00,rodrinoya.1@gmail.com,htd2
13,27,54,11,2023-04-22 04:00:00,rodrinoya.1@gmail.com,htd2
13,27,48,12,2023-04-22 05:00:00,rodrinoya.1@gmail.com,htd2
15,28,54,12,2023-04-22 06:00:00,rodrinoya.1@gmail.com,htd2
15,29,43,15,2023-04-22 07:00:00,rodrinoya.1@gmail.com,htd2
17,29,206,16,2023-04-22 08:00:00,rodrinoya.1@gmail.com,htd2
17,31,223,15,2023-04-22 09:00:00,rodrinoya.1@gmail.com,htd2
18,32,250,17,2023-04-22 10:00:00,rodrinoya.1@gmail.com,htd2
20,31,271,19,2023-04-22 11:00:00,rodrinoya.1@gmail.com,htd2
21,31,285,19,2023-04-22 12:00:00,rodrinoya.1@gmail.com,htd2
21,33,319,17,2023-04-22 13:00:00,rodrinoya.1@gmail.com,htd2
20,30,327,16,2023-04-22 14:00:00,rodrinoya.1@gmail.com,htd2
19,29,343,16,2023-04-22 15:00:00,rodrinoya.1@gmail.com,htd2
17,29,369,15,2023-04-22 16:00:00,rodrinoya.1@gmail.com,htd2
15,31,379,14,2023-04-22 17:00:00,rodrinoya.1@gmail.com,htd2
16,28,414,14,2023-04-22 18:00:00,rodrinoya.1@gmail.com,htd2
13,29,79,11,2023-04-22 19:00:00,rodrinoya.1@gmail.com,htd2
14,27,70,10,2023-04-22 20:00:00,rodrinoya.1@gmail.com,htd2
13,29,58,9,2023-04-22 21:00:00,rodrinoya.1@gmail.com,htd2
10,28,66,10,2023-04-22 22:00:00,rodrinoya.1@gmail.com,htd2
9,27,72,8,2023-04-22 23:00:00,rodrinoya.1@gmail.com,htd2
8,25,60,8,2023-04-23 00:00:00,rodrinoya.1@gmail.com,htd2
11,25,38,9,2023-04-23 01:00:00,rodrinoya.1@gmail.com,htd2
10,26,42,9,2023-04-23 02:00:00,rodrinoya.1@gmail.com,htd2
11,28,61,9,2023-04-23 03:00:00,rodrinoya.1@gmail.com,htd2
14,29,46,11,2023-04-23 04:00:00,rodrinoya.1@gmail.com,htd2
14,27,44,12,2023-04-23 05:00:00,rodrinoya.1@gmail.com,htd2
15,28,60,14,2023-04-23 06:00:00,rodrinoya.1@gmail.com,htd2
15,31,58,15,2023-04-23 07:00:00,rodrinoya.1@gmail.com,htd2
17,31,209,15,2023-04-23 08:00:00,rodrinoya.1@gmail.com,htd2
18,30,240,16,2023-04-23 09:00:00,rodrinoya.1@gmail.com,htd2
20,30,248,18,2023-04-23 10:00:00,rodrinoya.1@gmail.com,htd2
20,33,272,19,2023-04-23 11:00:00,rodrinoya.1@gmail.com,htd2
22,31,291,20,2023-04-23 12:00:00,rodrinoya.1@gmail.com,htd2
20,32,304,18,2023-04-23 13:00:00,rodrinoya.1@gmail.com,htd2
19,30,325,16,2023-04-23 14:00:00,rodrinoya.1@gmail.com,htd2
17,31,343,17,2023-04-23 15:00:00,rodrinoya.1@gmail.com,htd2
17,31,380,14,2023-04-23 16:00:00,rodrinoya.1@gmail.com,htd2
15,29,396,15,2023-04-23 17:00:00,rodrinoya.1@gmail.com,htd2
16,28,396,13,2023-04-23 18:00:00,rodrinoya.1@gmail.com,htd2
14,28,55,11,2023-04-23 19:00:00,rodrinoya.1@gmail.com,htd2
14,28,80,11,2023-04-23 20:00:00,rodrinoya.1@gmail.com,htd2
11,27,79,10,2023-04-23 21:00:00,rodrinoya.1@gmail.com,htd2
11,26,71,10,2023-04-23 22:00:00,rodrinoya.1@gmail.com,htd2
11,25,60,7,2023-04-23 23:00:00,rodrinoya.1@gmail.com,htd2
8,25,46,8,2023-04-24 00:00:00,rodrinoya.1@gmail.com,htd2
11,26,43,9,2023-04-24 01:00:00,rodrinoya.1@gmail.com,htd2
10,27,43,8,2023-04-24 02:00:00,rodrinoya.1@gmail.com,htd2
11,28,59,10,2023-04-24 03:00:00,rodrinoya.1@gmail.com,htd2
13,27,48,11,2023-04-24 04:00:00,rodrinoya.1@gmail.com,htd2
13,28,41,12,2023-04-24 05:00:00,rodrinoya.1@gmail.com,htd2
16,28,48,12,2023-04-24 06:00:00,rodrinoya.1@gmail.com,htd2
17,29,48,14,2023-04-24 07:00:00,rodrinoya.1@gmail.com,htd2
18,31,196,16,2023-04-24 08:00:00,rodrinoya.1@gmail.com,htd2
17,29,239,16,2023-04-24 09:00:00,rodrinoya.1@gmail.com,htd2
20,31,247,17,2023-04-24 10:00:00,rodrinoya.1@gmail.com,htd2
20,31,263,18,2023-04-24 11:00:00,rodrinoya.1@gmail.com,htd2
20,33,289,20,2023-04-24 12:00:00,rodrinoya.1@gmail.com,htd2
19,31,295,19,2023-04-24 13:00:00,rodrinoya.1@gmail.com,htd2
18,31,337,17,2023-04-24 14:00:00,rodrinoya.1@gmail.com,htd2
18,30,350,16,2023-04-24 15:00:00,rodrinoya.1@gmail.com,htd2
18,30,375,15,2023-04-24 16:00:00,rodrinoya.1@gmail.com,htd2
15,30,391,15,2023-04-24 17:00:00,rodrinoya.1@gmail.com,htd2
14,30,415,14,2023-04-24 18:00:00,rodrinoya.1@gmail.com,htd2
14,29,76,13,2023-04-24 19:00:00,rodrinoya.1@gmail.com,htd2
12,29,66,11,2023-04-24 20:00:00,rodrinoya.1@gmail.com,htd2
13,28,67,9,2023-04-24 21:00:00,rodrinoya.1@gmail.com,htd2
11,27,68,8,2023-04-24 22:00:00,rodrinoya.1@gmail.com,htd2
10,26,59,8,2023-04-24 23:00:00,rodrinoya.1@gmail.com,htd2
9,27,55,7,2023-04-25 00:00:00,rodrinoya.1@gmail.com,htd2
10,27,52,7,2023-04-25 01:00:00,rodrinoya.1@gmail.com,htd2
12,27,62,9,2023-04-25 02:00:00,rodrinoya.1@gmail.com,htd2
12,27,46,9,2023-04-25 03:00:00,rodrinoya.1@gmail.com,htd2
12,28,45,12,2023-04-25 04:00:00,rodrinoya.1@gmail.com,htd2
13,27,51,12,2023-04-25 05:00:00,rodrinoya.1@gmail.com,htd2
14,28,48,13,2023-04-25 06:00:00,rodrinoya.1@gmail.com,htd2
15,29,47,15,2023-04-25 07:00:00,rodrinoya.1@gmail.com,htd2
18,31,203,16,2023-04-25 08:00:00,rodrinoya.1@gmail.com,htd2
18,30,229,15,2023-04-25 09:00:00,rodrinoya.1@gmail.com,htd2
18,32,250,18,2023-04-25 10:00:00,rodrinoya.1@gmail.com,htd2
19,32,258,18,2023-04-25 11:00:00,rodrinoya.1@gmail.com,htd2
21,31,277,20,2023-04-25 12:00:00,rodrinoya.1@gmail.com,htd2
21,33,297,18,2023-04-25 13:00:00,rodrinoya.1@gmail.com,htd2
18,30,327,17,2023-04-25 14:00:00,rodrinoya.1@gmail.com,htd2
18,29,354,16,2023-04-25 15:00:00,rodrinoya.1@gmail.com,htd2
17,30,371,14,2023-04-25 16:00:00,rodrinoya.1@gmail.com,htd2
17,29,387,15,2023-04-25 17:00:00,rodrinoya.1@gmail.com,htd2
16,30,412,12,2023-04-25 18:00:00,rodrinoya.1@gmail.com,htd2
13,27,79,13,2023-04-25 19:00:00,rodrinoya.1@gmail.com,htd2
12,29,61,11,2023-04-25 20:00:00,rodrinoya.1@gmail.com,htd2
11,27,72,11,2023-04-25 21:00:00,rodrinoya.1@gmail.com,htd2
11,28,71,10,2023-04-25 22:00:00,rodrinoya.1@gmail.com,htd2
10,25,71,9,2023-04-25 23:00:00,rodrinoya.1@gmail.com,htd2
8,26,56,6,2023-04-26 00:00:00,rodrinoya.1@gmail.com,htd2
9,26,49,8,2023-04-26 01:00:00,rodrinoya.1@gmail.com,htd2
10,27,61,10,2023-04-26 02:00:00,rodrinoya.1@gmail.com,htd2
11,27,55,9,2023-04-26 03:00:00,rodrinoya.1@gmail.com,htd2
13,29,60,12,2023-04-26 04:00:00,rodrinoya.1@gmail.com,htd2
14,29,47,12,2023-04-26 05:00:00,rodrinoya.1@gmail.com,htd2
14,28,46,14,2023-04-26 06:00:00,rodrinoya.1@gmail.com,htd2
16,30,64,14,2023-04-26 07:00:00,rodrinoya.1@gmail.com,htd2
17,31,202,16,2023-04-26 08:00:00,rodrinoya.1@gmail.com,htd2
19,31,225,17,2023-04-26 09:00:00,rodrinoya.1@gmail.com,htd2
18,31,256,16,2023-04-26 10:00:00,rodrinoya.1@gmail.com,htd2
21,33,277,18,2023-04-26 11:00:00,rodrinoya.1@gmail.com,htd2
20,31,278,20,2023-04-26 12:00:00,rodrinoya.1@gmail.com,htd2
20,31,310,19,2023-04-26 13:00:00,rodrinoya.1@gmail.com,htd2
19,30,323,18,2023-04-26 14:00:00,rodrinoya.1@gmail.com,htd2
19,30,349,16,2023-04-26 15:00:00,rodrinoya.1@gmail.com,htd2
17,30,380,14,2023-04-26 16:00:00,rodrinoya.1@gmail.com,htd2
16,31,376,14,2023-04-26 17:00:00,rodrinoya.1@gmail.com,htd2
14,30,418,14,2023-04-26 18:00:00,rodrinoya.1@gmail.com,htd2
15,27,58,13,2023-04-26 19:00:00,rodrinoya.1@gmail.com,htd2
14,27,64,11,2023-04-26 20:00:00,rodrinoya.1@gmail.com,htd2
12,27,74,9,2023-04-26 21:00:00,rodrinoya.1@gmail.com,htd2
12,27,64,10,2023-04-26 22:00:00,rodrinoya.1@gmail.com,htd2
11,26,68,9,2023-04-26 23:00:00,rodrinoya.1@gmail.com,htd2
10,25,36,7,2023-04-27 00:00:00,rodrinoya.1@gmail.com,htd2
11,26,59,8,2023-04-27 01:00:00,rodrinoya.1@gmail.com,htd2
11,26,60,10,2023-04-27 02:00:00,rodrinoya.1@gmail.com,htd2
11,29,40,10,2023-04-27 03:00:00,rodrinoya.1@gmail.com,htd2
14,29,60,11,2023-04-27 04:00:00,rodrinoya.1@gmail.com,htd2
13,29,61,13,2023-04-27 05:00:00,rodrinoya.1@gmail.com,htd2
15,30,64,14,2023-04-27 06:00:00,rodrinoya.1@gmail.com,htd2
16,29,55,14,2023-04-27 07:00:00,rodrinoya.1@gmail.com,htd2
18,29,212,14,2023-04-27 08:00:00,rodrinoya.1@gmail.com,htd2
19,30,218,15,2023-04-27 09:00:00,rodrinoya.1@gmail.com,htd2
19,32,247,17,2023-04-27 10:00:00,rodrinoya.1@gmail.com,htd2
20,32,255,18,2023-04-27 11:00:00,rodrinoya.1@gmail.com,htd2
20,32,300,18,2023-04-27 12:00:00,rodrinoya.1@gmail.com,htd2
19,32,311,19,2023-04-27 13:00:00,rodrinoya.1@gmail.com,htd2
19,30,338,18,2023-04-27 14:00:00,rodrinoya.1@gmail.com,htd2
19,31,352,17,2023-04-27 15:00:00,rodrinoya.1@gmail.com,htd2
17,30,361,16,2023-04-27 16:00:00,rodrinoya.1@gmail.com,htd2
16,31,391,15,2023-04-27 17:00:00,rodrinoya.1@gmail.com,htd2
15,28,397,14,2023-04-27 18:00:00,rodrinoya.1@gmail.com,htd2
13,27,58,13,2023-04-27 19:00:00,rodrinoya.1@gmail.com,htd2
14,28,78,11,2023-04-27 20:00:00,rodrinoya.1@gmail.com,htd2
13,27,77,10,2023-04-27 21:00:00,rodrinoya.1@gmail.com,htd2
11,26,71,9,2023-04-27 22:00:00,rodrinoya.1@gmail.com,htd2
10,26,78,7,2023-04-27 23:00:00,rodrinoya.1@gmail.com,htd2
10,25,39,7,2023-04-28 00:00:00,rodrinoya.1@gmail.com,htd2
9,26,38,8,2023-04-28 01:00:00,rodrinoya.1@gmail.com,htd2
10,26,61,10,2023-04-28 02:00:00,rodrinoya.1@gmail.com,htd2
11,27,60,11,2023-04-28 03:00:00,rodrinoya.1@gmail.com,htd2
14,27,51,12,2023-04-28 04:00:00,rodrinoya.1@gmail.com,htd2
15,28,40,11,2023-04-28 05:00:00,rodrinoya.1@gmail.com,htd2
16,29,46,13,2023-04-28 06:00:00,rodrinoya.1@gmail.com,htd2
16,29,58,13,2023-04-28 07:00:00,rodrinoya.1@gmail.com,htd2
18,31,215,16,2023-04-28 08:00:00,rodrinoya.1@gmail.com,htd2
19,31,215,15,2023-04-28 09:00:00,rodrinoya.1@gmail.com,htd2
18,32,260,18,2023-04-28 10:00:00,rodrinoya.1@gmail.com,htd2
21,33,272,17,2023-04-28 11:00:00,rodrinoya.1@gmail.com,htd2
20,31,279,19,2023-04-28 12:00:00,rodrinoya.1@gmail.com,htd2
21,33,299,19,2023-04-28 13:00:00,rodrinoya.1@gmail.com,htd2
18,30,327,18,2023-04-28 14:00:00,rodrinoya.1@gmail.com,htd2
19,30,349,15,2023-04-28 15:00:00,rodrinoya.1@gmail.com,htd2
17,30,356,14,2023-04-28 16:00:00,rodrinoya.1@gmail.com,htd2
15,29,383,14,2023-04-28 17:00:00,rodrinoya.1@gmail.com,htd2
15,30,413,13,2023-04-28 18:00:00,rodrinoya.1@gmail.com,htd2
15,27,63,11,2023-04-28 19:00:00,rodrinoya.1@gmail.com,htd2
13,29,78,10,2023-04-28 20:00:00,rodrinoya.1@gmail.com,htd2
13,27,62,10,2023-04-28 21:00:00,rodrinoya.1@gmail.com,htd2
11,28,65,10,2023-04-28 22:00:00,rodrinoya.1@gmail.com,htd2
9,27,81,9,2023-04-28 23:00:00,rodrinoya.1@gmail.com,htd2
10,25,45,8,2023-04-29 00:00:00,rodrinoya.1@gmail.com,htd2
9,26,55,9,2023-04-29 01:00:00,rodrinoya.1@gmail.com,htd2
10,28,37,8,2023-04-29 02:00:00,rodrinoya.1@gmail.com,htd2
12,27,61,11,2023-04-29 03:00:00,rodrinoya.1@gmail.com,htd2
14,28,44,11,2023-04-29 04:00:00,rodrinoya.1@gmail.com,htd2
13,28,49,12,2023-04-29 05:00:00,rodrinoya.1@gmail.com,htd2
16,29,56,12,2023-04-29 06:00:00,rodrinoya.1@gmail.com,htd2
15,30,59,14,2023-04-29 07:00:00,rodrinoya.1@gmail.com,htd2
18,30,206,14,2023-04-29 08:00:00,rodrinoya.1@gmail.com,htd2
19,30,236,16,2023-04-29 09:00:00,rodrinoya.1@gmail.com,htd2
18,32,241,18,2023-04-29 10:00:00,rodrinoya.1@gmail.com,htd2
21,33,268,19,2023-04-29 11:00:00,rodrinoya.1@gmail.com,htd2
21,33,300,18,2023-04-29 12:00:00,rodrinoya.1@gmail.com,htd2
19,33,318,19,2023-04-29 13:00:00,rodrinoya.1@gmail.com,htd2
19,31,329,18,2023-04-29 14:00:00,rodrinoya.1@gmail.com,htd2
17,29,354,15,2023-04-29 15:00:00,rodrinoya.1@gmail.com,htd2
17,30,368,16,2023-04-29 16:00:00,rodrinoya.1@gmail.com,htd2
16,31,386,14,2023-04-29 17:00:00,rodrinoya.1@gmail.com,htd2
15,28,418,13,2023-04-29 18:00:00,rodrinoya.1@gmail.com,htd2
15,28,62,12,2023-04-29 19:00:00,rodrinoya.1@gmail.com,htd2
14,28,55,12,2023-04-29 20:00:00,rodrinoya.1@gmail.com,htd2
11,28,78,10,2023-04-29 21:00:00,rodrinoya.1@gmail.com,htd2
10,28,73,10,2023-04-29 22:00:00,rodrinoya.1@gmail.com,htd2
9,26,58,7,2023-04-29 23:00:00,rodrinoya.1@gmail.com,htd2
8,27,49,7,2023-04-30 00:00:00,rodrinoya.1@gmail.com,htd2
10,26,41,8,2023-04-30 01:00:00,rodrinoya.1@gmail.com,htd2
10,28,55,10,2023-04-30 02:00:00,rodrinoya.1@gmail.com,htd2
12,29,60,10,2023-04-30 03:00:00,rodrinoya.1@gmail.com,htd2
12,28,59,12,2023-04-30 04:00:00,rodrinoya.1@gmail.com,htd2
15,27,45,11,2023-04-30 05:00:00,rodrinoya.1@gmail.com,htd2
15,29,41,13,2023-04-30 06:00:00,rodrinoya.1@gmail.com,htd2
16,30,59,13,2023-04-30 07:00:00,rodrinoya.1@gmail.com,htd2
16,29,200,14,2023-04-30 08:00:00,rodrinoya.1@gmail.com,htd2
17,31,234,15,2023-04-30 09:00:00,rodrinoya.1@gmail.com,htd2
18,30,249,18,2023-04-30 10:00:00,rodrinoya.1@gmail.com,htd2
19,33,260,19,2023-04-30 11:00:00,rodrinoya.1@gmail.com,htd2
21,32,300,20,2023-04-30 12:00:00,rodrinoya.1@gmail.com,htd2
19,33,297,17,2023-04-30 13:00:00,rodrinoya.1@gmail.com,htd2
18,30,328,17,2023-04-30 14:00:00,rodrinoya.1@gmail.com,htd2
19,29,359,17,2023-04-30 15:00:00,rodrinoya.1@gmail.com,htd2
17,29,355,15,2023-04-30 16:00:00,rodrinoya.1@gmail.com,htd2
15,29,389,13,2023-04-30 17:00:00,rodrinoya.1@gmail.com,htd2
16,30,420,13,2023-04-30 18:00:00,rodrinoya.1@gmail.com,htd2
13,28,55,11,2023-04-30 19:00:00,rodrinoya.1@gmail.com,htd2
13,29,63,12,2023-04-30 20:00:00,rodrinoya.1@gmail.com,htd2
12,28,68,11,2023-04-30 21:00:00,rodrinoya.1@gmail.com,htd2
12,27,74,8,2023-04-30 22:00:00,rodrinoya.1@gmail.com,htd2
9,26,68,9,2023-04-30 23:00:00,rodrinoya.1@gmail.com,htd2
